date_added,role,experience_level,title,company,location,remote,salary,apply_link,source
2026-06-13 09:59,Full Stack Developer,Not Specified,R&D Full Stack Developer / IT Engineer,EUROPEAN DYNAMICS,"Jacksonville, Ohio",False,,https://www.snagajob.com/jobs/1066912004,Snagajob
2026-06-13 09:59,Full Stack Developer,Not Specified,Full Stack Developer / DevOps Engineer fluent in English,EUROPEAN DYNAMICS,"Jacksonville, Ohio",False,,https://www.snagajob.com/jobs/1066911962,Snagajob
2026-06-13 09:59,Full Stack Developer,Not Specified,C# Fullstack Engineer - Senior - Consulting - Location OPEN,EY,"Cincinnati, Ohio",False,,https://www.linkedin.com/jobs/view/c%23-fullstack-engineer-senior-consulting-location-open-at-ey-4425313381,LinkedIn
2026-06-13 09:59,Full Stack Developer,Not Specified,Full Stack Developer (.NET/C#),Oreva,"Cincinnati, Ohio",False,,https://www.iitjobs.com/job/full-stack-developer-netc-cincinnati-oh-usa-213429,Iitjobs
2026-06-13 09:59,Full Stack Developer,Not Specified,GE Proficy- Dotnet Developer,Net2Source (N2S),"Cincinnati, Ohio",False,$70 – $75,https://www.linkedin.com/jobs/view/ge-proficy-dotnet-developer-at-net2source-n2s-4423039036,LinkedIn
2026-06-13 10:00,Full Stack Developer,Not Specified,Java Fullstack Engineer - Senior - Consulting - Location OPEN,EY,"Arlington, Virginia",False,,https://www.linkedin.com/jobs/view/java-fullstack-engineer-senior-consulting-location-open-at-ey-4425334003,LinkedIn
2026-06-13 10:00,Full Stack Developer,Not Specified,Full Stack Software Engineer,"Torch Technologies, Inc.","Redstone Arsenal, Alabama",False,,https://www.linkedin.com/jobs/view/full-stack-software-engineer-at-torch-technologies-inc-4428175175,LinkedIn
2026-06-13 10:00,Full Stack Developer,Not Specified,Software Engineer – Front-End Focus (.NET) - (Remote),ArcheSys Inc,"Baltimore, Maryland",False,,https://www.linkedin.com/jobs/view/software-engineer-%E2%80%93-front-end-focus-net-remote-at-archesys-inc-4428194427,LinkedIn
2026-06-13 10:00,Full Stack Developer,2+ Years,.NET Full Stack Developer (C# / Angular),IntelliTask LLC,"Fremont, California",False,,https://www.dice.com/job-detail/c377f62c-6348-4142-a481-02301a2355ec,Dice
2026-06-13 10:00,Full Stack Developer,Not Specified,"Full Stack Developer (Angular/PrimeNG, .NET Core)",InfoLabs inc,"Columbia, South Carolina",False,,https://www.linkedin.com/jobs/view/full-stack-developer-angular-primeng-net-core-at-infolabs-inc-4428110165,LinkedIn
2026-06-13 10:00,Full Stack Developer,Not Specified,C# Fullstack Engineer - Senior - Consulting - Location OPEN,EY,"Richmond, Virginia",False,,https://www.linkedin.com/jobs/view/c%23-fullstack-engineer-senior-consulting-location-open-at-ey-4425311814,LinkedIn
2026-06-13 10:00,Full Stack Developer,Not Specified,"Java, Spring, MongoDB, Elasticsearch Full Stack Developer with an active TS/SCI with a Full Scope Polygraph Security Clearance Required, Onsite in Annapolis Junction, MD - M",Jobs via Dice,,False,,https://www.linkedin.com/jobs/view/java-spring-mongodb-elasticsearch-full-stack-developer-with-an-active-ts-sci-with-a-full-scope-polygraph-security-clearance-required-onsite-in-annapolis-junction-md-m-at-jobs-via-dice-4426958483,LinkedIn
2026-06-13 10:00,Full Stack Developer,Not Specified,Full Stack Engineer,UnitedHealth Group,"Plymouth, Minnesota",False,"$72,800 – $130,000","https://www.ziprecruiter.com/c/UnitedHealthcare/Job/Full-Stack-Engineer/-in-Minnetonka,MN?jid=387a07aa67efcdc0",ZipRecruiter
2026-06-13 10:00,Full Stack Developer,2+ Years,Full Stack Developer (Angular + PrimeNG),Jobs via Dice,"Cayce, South Carolina",False,,https://www.linkedin.com/jobs/view/full-stack-developer-angular-%2B-primeng-at-jobs-via-dice-4427207931,LinkedIn
2026-06-13 10:00,Full Stack Developer,Entry Level,Junior Full Stack Developer,Optomi,"Dallas, Texas",False,,https://www.linkedin.com/jobs/view/junior-full-stack-developer-at-optomi-4426944905,LinkedIn
2026-06-13 10:00,Software Engineer,Not Specified,"Software Engineer, Backend (SE 0526)",Skroutz S.A,"Stewart, Ohio",False,,https://www.snagajob.com/jobs/1066949288,Snagajob
2026-06-13 10:00,Software Engineer,Not Specified,IT - Developer II - V (Remote),The Cincinnati Insurance Companies,"Fairfield, Ohio",False,,https://www.linkedin.com/jobs/view/it-developer-ii-v-remote-at-the-cincinnati-insurance-companies-4427236021,LinkedIn
2026-06-13 10:00,Software Engineer,Not Specified,GPS - Azure Senior Platform Engineer - Assistant Director,EY,"Columbus, Ohio",False,,https://www.linkedin.com/jobs/view/gps-azure-senior-platform-engineer-assistant-director-at-ey-4425332188,LinkedIn
2026-06-13 10:00,Software Engineer,Not Specified,Software Engineer (Java) - Full-time,EUROPEAN DYNAMICS,"Jacksonville, Ohio",False,,https://www.snagajob.com/jobs/1066912449,Snagajob
2026-06-13 10:00,Software Engineer,Not Specified,Lead Software Engineer - AI and Health Analytics,Oracle,"Columbus, Ohio",False,,https://jobs.stevenagefc.com/jobs/lead-software-engineer-ai-and-health-analytics-columbus-ohio/2816325381-2/,Jobs For Stevenage Fans
2026-06-13 10:00,Software Engineer,Not Specified,Safety Software Test Engineer,"Honda Dev. and Mfg. of Am.,LLC","Raymond, Ohio",False,,https://careers.honda.com/us/en/job/11140/Safety-Software-Test-Engineer,American Honda Motor Company Careers - Honda
2026-06-13 10:00,Software Engineer,Entry Level,Junior Java Programmer - Full-time,EUROPEAN DYNAMICS,"Jacksonville, Ohio",False,,https://www.snagajob.com/jobs/1066911419,Snagajob
2026-06-13 10:00,Software Engineer,Not Specified,Software Engineer,Liberty Mutual Insurance,,False,,https://searchjobs.libertymutualgroup.com/careers/job/618517609184-software-engineer-boston-massachusetts-united-states?domain=libertymutual.com&microsite=libertymutual.com,Liberty Mutual Careers
2026-06-13 10:00,Software Engineer,Not Specified,Senior FPGA Engineer,Tangram Flex,"Dayton, Ohio",False,,"https://www.ziprecruiter.com/c/Tangram-Flex/Job/Senior-FPGA-Engineer/-in-Dayton,OH?jid=e26f718b6957ac1e",ZipRecruiter
2026-06-13 10:00,Software Engineer,Not Specified,Procter & Gamble is hiring: Software Engineer - One Digital Warehouse in Groesbeck,Procter & Gamble,"Groesbeck, Ohio",False,,https://www.recruit.net/job/procter-gamble-is-software-engineer-jobs/AF75430681E23092,Recruit.net
2026-06-13 10:00,Software Engineer,Not Specified,Software Engineer I,"V-Soft Consulting Group, Inc.","Cincinnati, Ohio",False,,https://jobs.digitalhire.com/job-listing/opening/1baG7AVfDjOfPZmPvxxaRd,Digitalhire
2026-06-13 10:00,Software Engineer,Not Specified,Sr. Mainframe Developer with wealth,Jobs via Dice,"Cincinnati, Ohio",False,,https://www.linkedin.com/jobs/view/sr-mainframe-developer-with-wealth-at-jobs-via-dice-4427204907,LinkedIn
2026-06-13 10:00,Software Engineer,Not Specified,Solumina L2 Support Engineer_Remote,Jobs via Dice,,True,,https://www.linkedin.com/jobs/view/solumina-l2-support-engineer-remote-at-jobs-via-dice-4427212089,LinkedIn
2026-06-13 10:00,Software Engineer,Not Specified,Lead Platform Engineer,"Fifth Third Bank, N.A.","St Bernard, Ohio",False,,https://www.adzuna.com/details/5761987522,Adzuna
2026-06-13 10:00,Software Engineer,Not Specified,NX CAD Expert,Zachary Piper Solutions,"Cincinnati, Ohio",False,,https://www.linkedin.com/jobs/view/nx-cad-expert-at-zachary-piper-solutions-4427206760,LinkedIn
2026-06-13 10:00,Software Engineer,Not Specified,MLOps Automation Senior Lead Engineer,Huntington National Bank,"Cincinnati, Ohio",False,,https://www.linkedin.com/jobs/view/mlops-automation-senior-lead-engineer-at-huntington-national-bank-4428153131,LinkedIn
2026-06-13 10:00,Software Engineer,Not Specified,Software Engineer - Front End,AIS (Applied Information Sciences),"Alexandria, Virginia",False,,https://www.linkedin.com/jobs/view/software-engineer-front-end-at-ais-applied-information-sciences-4428140186,LinkedIn
2026-06-13 10:00,Software Engineer,Not Specified,Senior Software Developer - Remote (WFH),"Cognitive Medical Systems, Inc.","Washington, District of Columbia",False,"$130,000 – $160,000",https://www.linkedin.com/jobs/view/senior-software-developer-remote-wfh-at-cognitive-medical-systems-inc-4416594945,LinkedIn
2026-06-13 10:00,Software Engineer,Not Specified,Software Engineer (New College Grad - Masters)),Amat,"Santa Clara, California",False,"$124,000 – $171,000","https://www.ziprecruiter.com/c/Amat/Job/Software-Engineer-(New-College-Grad-Masters))/-in-Santa-Clara,CA?jid=91be6d0a2cae7663",ZipRecruiter
2026-06-13 10:00,Software Engineer,Not Specified,Software Development Engineer - US Federal,Workday,"Reston, Virginia",False,,https://www.linkedin.com/jobs/view/software-development-engineer-us-federal-at-workday-4398867443,LinkedIn
2026-06-13 10:00,Software Engineer,Entry Level,"Software Engineer I, Officer | Burlington, VT, USA",State Street Corporation,"Burlington, Vermont",False,"$70,000 – $118,000",https://www.efinancialcareers.com/jobs-United_States-Burlington-Software_Engineer_I_Officer.id24399710,EFinancialCareers
2026-06-13 10:00,Software Engineer,Not Specified,Distinguished Software Engineer - Session Management,Capital One,"McLean, Virginia",False,,https://www.linkedin.com/jobs/view/distinguished-software-engineer-session-management-at-capital-one-4427978426,LinkedIn
2026-06-13 10:00,Software Engineer,Not Specified,Lead Agentic Software Engineer,The MITRE Corporation,,False,,https://careers.mitre.org/us/en/job/R116301/Lead-Agentic-Software-Engineer,MITRE Jobs
2026-06-13 10:00,Software Engineer,Not Specified,Cyber Software Engineer,CACI International Inc,"Florham Park, New Jersey",False,,https://www.linkedin.com/jobs/view/cyber-software-engineer-at-caci-international-inc-4425317514,LinkedIn
2026-06-13 10:00,Software Engineer,Entry Level,Software Engineer I,LexisNexis Risk Solutions,Colorado,False,"$59,200 – $98,600",https://www.indeed.com/viewjob?jk=cacde16e0787c7d1,Indeed
2026-06-13 10:01,Software Engineer,Not Specified,Software Engineer – Front-End Focus (.NET) -  (Remote),ArcheSys Inc,,True,"$75,000 – $115,000",https://www.linkedin.com/jobs/view/software-engineer-%E2%80%93-front-end-focus-net-remote-at-archesys-inc-4428152638?refId=1M6mr6yBrt5xhxng0JklJw%3D%3D&trackingId=bzLOW%2F3OYoBdxX1tpL%2FjAQ%3D%3D,LinkedIn
2026-06-13 10:01,Software Engineer,Not Specified,Back End Developer,GIGATEC Engineering,"Gaithersburg, Maryland",False,"$80,000 – $100,000",https://www.learn4good.com/jobs/gaithersburg/maryland/software_development/5173613213/e/,Learn4Good
2026-06-13 10:01,Software Engineer,Not Specified,Java Software Engineer,BeaconFire Inc.,"Allenport, Pennsylvania",False,"$65,000 – $80,000",https://www.linkedin.com/jobs/view/java-software-engineer-at-beaconfire-inc-4425325452,LinkedIn
2026-06-13 10:01,Software Engineer,Not Specified,[Part-Time] Software Engineer Staff-Hornell,Walmart,"Hornell, New York",False,$19 – $26,https://walmart.jobcareers.us.com/jobs/part-time-software-engineer-staff-hornell-3463bb.html,US.COM
2026-06-13 10:01,Software Engineer,Not Specified,Lead Software Engineer - Gov Cloud / AI,Icertis,Virginia,False,,https://iaaviz.fa.ocs.oraclecloud.com/hcmUI/CandidateExperience/en/sites/Jobs-at-Icertis/job/7236,Oracle
2026-06-13 10:01,Software Engineer,Not Specified,Software Engineer Data/AI/Intelligent Systems I (Intern) - United States,Cisco,,False,,https://careers.cisco.com/global/en/job/CISCISGLOBAL2001254EXTERNALENGLOBAL/Software-Engineer-Data-AI-Intelligent-Systems-I-Intern-United-States,Cisco Careers
2026-06-13 10:01,Software Engineer,Not Specified,Senior Software Development Engineer Test,Randstad USA,"Pittsburgh, Pennsylvania",False,$65 – $70,https://www.linkedin.com/jobs/view/senior-software-development-engineer-test-at-randstad-usa-4425309560,LinkedIn
2026-06-13 10:01,Software Engineer,Not Specified,Software Engineer III,Truist Bank,"Charlotte, North Carolina",False,,https://careers.truist.com/us/en/job/TBJTBFUSR0115273EXTERNALENUS/Software-Engineer-III,Truist Careers - Truist Bank
2026-06-13 10:01,Software Engineer,Not Specified,Senior Software Engineer II,Confluent,"Newark, Delaware",False,"$197,000 – $232,000",https://www.learn4good.com/jobs/newark/delaware/software_development/5173706005/e/,Learn4Good
2026-06-13 10:01,Data Engineer,Not Specified,SQL Data Engineer,Emerald Resource Group,"Akron, Ohio",False,"$80,000 – $100,000",https://www.linkedin.com/jobs/view/sql-data-engineer-at-emerald-resource-group-4419471779,LinkedIn
2026-06-13 10:01,Data Engineer,Not Specified,Data Engineer - Spark Developer - Full-time,EUROPEAN DYNAMICS,"Jacksonville, Ohio",False,,https://www.snagajob.com/jobs/1066913475,Snagajob
2026-06-13 10:01,Data Engineer,Not Specified,"Senior Data Engineer, Fintech",Optasia,"Stewart, Ohio",False,,https://www.snagajob.com/jobs/1172255484,Snagajob
2026-06-13 10:01,Data Engineer,Not Specified,Data Engineer,EUROPEAN DYNAMICS,"Jacksonville, Ohio",False,,https://www.snagajob.com/jobs/1066911418,Snagajob
2026-06-13 10:01,Data Engineer,2+ Years,Senior Azure Data Engineer,Compunnel,"Blue Ash, Ohio",False,,https://www.iitjobs.com/job/senior-azure-data-engineer-blue-ash-ohio-usa-280184,Iitjobs
2026-06-13 10:01,Data Engineer,Not Specified,Data Center Infrastructure Engineer,Mindlance,"New Albany, Ohio",False,$25 – $30,https://www.linkedin.com/jobs/view/data-center-infrastructure-engineer-at-mindlance-4428130106,LinkedIn
2026-06-13 10:01,Data Engineer,Not Specified,Senior Azure Data Engineer,Emcube Technologies Inc,"Columbus, Ohio",False,,https://www.iitjobs.com/job/senior-azure-data-engineer-columbus-ohio-usa-182537,Iitjobs
2026-06-13 10:01,Data Engineer,Not Specified,ERP AI Engineer -  Manager,PwC,"Columbus, Ohio",False,,https://www.linkedin.com/jobs/view/erp-ai-engineer-manager-at-pwc-4396343205,LinkedIn
2026-06-13 10:01,Data Engineer,Not Specified,Senior Data Engineering Leader,Synchrony Financial,"Cincinnati, Ohio",False,,https://jobs.stevenagefc.com/jobs/senior-data-engineering-leader-cincinnati-ohio/2816465448-2/,Jobs For Stevenage Fans
2026-06-13 10:01,Data Engineer,Not Specified,"Data Engineer (Azure, Kafka and Python)",Keylent Inc,"Cincinnati, Ohio",False,,https://www.iitjobs.com/job/data-engineer-azure-kafka-and-python-cincinnati-oh-usa-295303,Iitjobs
2026-06-13 10:01,Data Engineer,Not Specified,"Enterprise Data Architect 3, Digital Technology Solutions",University of Cincinnati,"Cincinnati, Ohio",False,,https://www.linkedin.com/jobs/view/enterprise-data-architect-3-digital-technology-solutions-at-university-of-cincinnati-4427235576,LinkedIn
2026-06-13 10:01,Data Engineer,Not Specified,L2 Support Engineer,Jobs via Dice,"Cincinnati, Ohio",False,,https://www.linkedin.com/jobs/view/l2-support-engineer-at-jobs-via-dice-4427218035,LinkedIn
2026-06-13 10:01,Data Engineer,Not Specified,Talend Developer,Agile Enterprise Solutions Inc,"Cincinnati, Ohio",False,,https://www.iitjobs.com/job/talend-developer-cincinnati-oh-usa-317496,Iitjobs
2026-06-13 10:01,Data Engineer,Not Specified,"Lead Specialist, Federal Data Engineer",KPMG US,"Washington, District of Columbia",False,,https://www.linkedin.com/jobs/view/lead-specialist-federal-data-engineer-at-kpmg-us-4427211568,LinkedIn
2026-06-13 10:01,Data Engineer,Entry Level,Jr Data Engineer,Tech Consulting,"Rose Hill, Virginia",False,$32 – $35,https://www.linkedin.com/jobs/view/jr-data-engineer-at-tech-consulting-4424869897,LinkedIn
2026-06-13 10:01,Data Engineer,Not Specified,SQL Data Engineer,Mondo,"Centreville, Virginia",False,,https://mondo.com/jobs/job/sql-data-engineer-centreville-va-20120-32437945/a5290500-65b9-11f1-a639-02420a6c7775,Mondo
2026-06-13 10:01,Data Engineer,Entry Level,Junior Data Engineer,Tech Consulting,"Hopewell, Florida",False,,https://www.linkedin.com/jobs/view/junior-data-engineer-at-tech-consulting-4426936883,LinkedIn
2026-06-13 10:01,Data Engineer,Not Specified,Data Engineer W/Data Bricks(Immediate interview),Jobs via Dice,"Louisville, Kentucky",False,,https://www.linkedin.com/jobs/view/data-engineer-w-data-bricks-immediate-interview-at-jobs-via-dice-4427203909,LinkedIn
2026-06-13 10:01,Data Engineer,2+ Years,"MID-LEVEL DATA ENGINEER-Python, AWS, Spark (Hybrid)",State Farm,"Bloomington, Illinois",False,,https://jobs.statefarm.com/research-analytics-careers/jobs/44311?lang=en-us,State Farm Careers
2026-06-13 10:01,Data Engineer,Entry Level,"Data Engineer 1-2 (Junior, Associate)",UNCOMN,"Scott AFB, Illinois",False,"$61,000 – $78,000",https://www.linkedin.com/jobs/view/data-engineer-1-2-junior-associate-at-uncomn-4428160401,LinkedIn
2026-06-13 10:01,Data Engineer,Not Specified,"Senior Data Engineer ( AWS, Databricks & Terraform))",Intellisoft Technologies,"Malvern, Pennsylvania",False,,https://www.dice.com/job-detail/2f4943f5-ffbf-433d-ace9-a5e12495b9eb,Dice
2026-06-13 10:01,Data Engineer,Not Specified,Research Data Engineer,Motion Recruitment,"Boston, Massachusetts",False,"$100,000 – $140,000",https://motionrecruitment.com/tech-jobs/boston/direct-hire/research-data-engineer/880183,Motion Recruitment
2026-06-13 10:01,Data Engineer,Not Specified,"[Remote] Staff Data Engineer, Financial Data Operations",Root Inc.,,True,"$169,000 – $215,000",https://jobright.ai/jobs/info/69d6a4c4cfdc6132f946b28a?visit=h1b-visa-sponsored-data-engineer-jobs-in-within-us,Jobright
2026-06-13 10:01,Data Engineer,Not Specified,EDW ETL Developer - Azure Data Engineer (35175),Myticas Consulting,"Springfield, Illinois",False,,https://www.linkedin.com/jobs/view/edw-etl-developer-azure-data-engineer-35175-at-myticas-consulting-4426967301,LinkedIn
2026-06-13 10:01,Data Engineer,2+ Years,Calypso CIRC Developer - ONLY W2,Jobs via Dice,"Charlotte, North Carolina",False,,https://www.linkedin.com/jobs/view/calypso-circ-developer-only-w2-at-jobs-via-dice-4427218054,LinkedIn
2026-06-13 10:01,Data Engineer,Not Specified,Data Platform Engineer : ETL & Analytics,Envision Pharma Group,"Suffolk, Virginia",False,"$60,000 – $80,000",https://www.learn4good.com/jobs/suffolk/virginia/info_technology/5173707251/e/,Learn4Good
2026-06-13 10:01,Data Engineer,Not Specified,Sr. Data Engineer - Python Developer (35012),Myticas Consulting,"Springfield, Illinois",False,,https://www.linkedin.com/jobs/view/sr-data-engineer-python-developer-35012-at-myticas-consulting-4426970294,LinkedIn
2026-06-13 10:01,Data Engineer,Not Specified,Senior Informatica Developer,Apex Systems,"Pennington, New Jersey",False,$63 – $68,https://www.linkedin.com/jobs/view/senior-informatica-developer-at-apex-systems-4428118343,LinkedIn
2026-06-13 10:01,Data Engineer,Not Specified,ETL Developer,DCube Solutions,"Atlanta, Georgia",False,,https://www.iitjobs.com/job/etl-developer-atlanta-ga-usa-230388,Iitjobs
2026-06-13 10:01,Data Engineer,Not Specified,Data Engineer,QODE,"Jackson Township, New Jersey",False,,https://www.linkedin.com/jobs/view/data-engineer-at-qode-4428136817,LinkedIn
2026-06-13 10:01,Data Engineer,Not Specified,GenTax Developer with C# and PostgreSQL,Jobs via Dice,"Augusta, Maine",False,,https://www.linkedin.com/jobs/view/gentax-developer-with-c%23-and-postgresql-at-jobs-via-dice-4427211107,LinkedIn
2026-06-13 10:01,Data Analyst,Not Specified,Senior Data Analyst,SOPREMA USA,"Wadsworth, Ohio",False,,https://www.linkedin.com/jobs/view/senior-data-analyst-at-soprema-usa-4426962113,LinkedIn
2026-06-13 10:01,Data Analyst,Not Specified,Business/System Analysts - Full-time,Euronet  Payments Infrastructure Segment,"Trimble, Ohio",False,,https://www.snagajob.com/jobs/1066914957,Snagajob
2026-06-13 10:01,Data Analyst,Not Specified,TechOps Analyst - Full-time,Novibet,"Jacksonville, Ohio",False,,https://www.snagajob.com/jobs/1066913175,Snagajob
2026-06-13 10:01,Data Analyst,Not Specified,"Business Analyst (banking/financial services/insurance) - Mason, Ohio (Onsite)","ActiveSoft, Inc","Mason, Ohio",False,,https://www.linkedin.com/jobs/view/business-analyst-banking-financial-services-insurance-mason-ohio-onsite-at-activesoft-inc-4427987675,LinkedIn
2026-06-13 10:01,Data Analyst,Not Specified,Business Analyst (m/w/d),Jobot,"Claysville, Ohio",False,,https://jobs.fox8.com/jobs/business-analyst-m-w-d-claysville-ohio/2816218052-2/,FOX8 Jobs
2026-06-13 10:01,Data Analyst,Not Specified,Experience Insights Analyst,New York Life,"Cleveland, Ohio",False,,https://careers.newyorklife.com/careers/job/42307308,Jobs At New York Life - New York Life Insurance
2026-06-13 10:01,Data Analyst,Not Specified,Senior Financial Business Analyst,VirtualVocations,"Columbus, Ohio",False,,https://www.talent.com/view?id=583068850097815709,Talent.com
2026-06-13 10:01,Data Analyst,Not Specified,Senior Business Insights Analyst,NetJets,"Columbus, Ohio",False,,https://jobs.stevenagefc.com/jobs/senior-business-insights-analyst-columbus-ohio/2816325631-2/,Jobs For Stevenage Fans
2026-06-13 10:01,Data Analyst,Not Specified,Business Analyst / Product Owner fluent in German - Full-time,EUROPEAN DYNAMICS,"Jacksonville, Ohio",False,,https://www.snagajob.com/jobs/1066917531,Snagajob
2026-06-13 10:01,Data Analyst,Not Specified,"IT Business Analyst / Tester fluent in English, for e-Government projects - Full-time",EUROPEAN DYNAMICS,,True,,https://www.snagajob.com/jobs/1066912793,Snagajob
2026-06-13 10:01,Data Analyst,Not Specified,Business Analyst/Software Tester fluent in Spanish - Full-time,EUROPEAN DYNAMICS,"Jacksonville, Ohio",False,,https://www.snagajob.com/jobs/1066911787,Snagajob
2026-06-13 10:01,Data Analyst,Not Specified,Business Systems Analyst – IAM/Cybersecurity (Only W2),Jobs via Dice,"Covington, Kentucky",False,,https://www.linkedin.com/jobs/view/business-systems-analyst-%E2%80%93-iam-cybersecurity-only-w2-at-jobs-via-dice-4427253582,LinkedIn
2026-06-13 10:01,Data Analyst,Not Specified,Business Functional Analyst,Techgene,"Cincinnati, Ohio",False,,https://www.iitjobs.com/job/business-functional-analyst-cincinnati-oh-usa-225616,Iitjobs
2026-06-13 10:01,Data Analyst,Not Specified,Experienced Payments Analyst- Site Payments,"Medpace, Inc.","Cincinnati, Ohio",False,,https://careers.medpace.com/jobs/12123?lang=en-us,Medpace Careers
2026-06-13 10:01,Data Analyst,Not Specified,"Google Gemini Senior Consultant, Technical Transformation",Deloitte,"Cincinnati, Ohio",False,,https://www.linkedin.com/jobs/view/google-gemini-senior-consultant-technical-transformation-at-deloitte-4427965403,LinkedIn
2026-06-13 10:01,Data Analyst,Not Specified,Senior Analyst (CPG),Acosta Group,"Bethel, Ohio",False,,https://jobs.digitalhire.com/job-listing/opening/3EE188TGrEvDSMmy3vvRrr,Digitalhire
2026-06-13 10:01,Data Analyst,Not Specified,Medical Information - Clinical Portfolio Senior Consultant,Deloitte,"Cincinnati, Ohio",False,,https://www.linkedin.com/jobs/view/medical-information-clinical-portfolio-senior-consultant-at-deloitte-4428169912,LinkedIn
2026-06-13 10:01,Data Analyst,Not Specified,Data Management Analyst - Training Programs,Systems Planning & Analysis,"Alexandria, Virginia",False,,https://www.linkedin.com/jobs/view/data-management-analyst-training-programs-at-systems-planning-analysis-4427998998,LinkedIn
2026-06-13 10:01,Data Analyst,Not Specified,Senior Consultant Data Analyst,hackajob,"Arlington, Virginia",False,"$97,220 – $143,711",https://www.linkedin.com/jobs/view/senior-consultant-data-analyst-at-hackajob-4426960620,LinkedIn
2026-06-13 10:01,Data Analyst,Entry Level,Data Analyst (Entry Level),Ericsson,"Lewisville, Texas",False,,https://jobs.ericsson.com/careers/job/563121776388937-data-analyst-entry-level--lewisville-texas-united-states?domain=ericsson.com,Ericsson Careers
2026-06-13 10:01,Data Analyst,Not Specified,Scientific Data Analyst (Temporary),Eurofins PSS Insourcing Solutions,"Malvern, Pennsylvania",False,,https://www.linkedin.com/jobs/view/scientific-data-analyst-temporary-at-eurofins-pss-insourcing-solutions-4428155303,LinkedIn
2026-06-13 10:01,Data Analyst,Not Specified,Data Analyst,Navy Federal Credit Union,"Winchester, Virginia",False,"$68,300 – $107,000",https://www.linkedin.com/jobs/view/data-analyst-at-navy-federal-credit-union-4428189990?position=9&pageNum=0&refId=l9rRWZNXzGfP4o2ZbRtoMg%3D%3D&trackingId=SnqVC9i9aPgvEwj1sU3Hrg%3D%3D,LinkedIn
2026-06-13 10:01,Data Analyst,Not Specified,Data Analyst / SQL / SOQL,Motion Recruitment,"Newton, Massachusetts",False,$50 – $70,https://motionrecruitment.com/tech-jobs/newton/contract/data-analyst-sql-soql/880155,Motion Recruitment
2026-06-13 10:01,Data Analyst,Entry Level,Junior Business/Data Analyst,Asta CRS Inc.,"Ashburn, Virginia",False,"$54,000 – $60,000","https://www.ziprecruiter.com/c/AstaCRS/Job/JUNIOR-BUSINESS-DATA-ANALYST/-in-Ashburn,VA?jid=727200f5ac24da79",ZipRecruiter
2026-06-13 10:01,Data Analyst,Not Specified,Procurement Data Analyst,Safelite,"Columbus, Ohio",False,,https://careers.safelite.com/procurement-data-analyst/job/F514F57412DFA6260D49EE579E9C0850,Safelite Careers
2026-06-13 10:01,Data Analyst,Not Specified,Data Management Analyst,FedEx Logistics,,True,,https://careers.fedex.com/data-management-analyst/job/P25-182336-4,FedEx Careers
2026-06-13 10:01,Data Analyst,Not Specified,Senior Data Analytics and Research Analyst,Serco USA,,False,,https://careers.serco-na.com/us/en/job/SUPSUAUS33591EXTERNALENUS/Senior-Data-Analytics-and-Research-Analyst,Serco Careers - North America
2026-06-13 10:01,Data Analyst,Not Specified,Business Analyst Consultant,"Reingold, Inc.","Alexandria, Virginia",False,,https://www.linkedin.com/jobs/view/business-analyst-consultant-at-reingold-inc-4428162400?position=23&pageNum=0&refId=UlaEhwJAmZx8CyxYQfPwaQ%3D%3D&trackingId=YZ2a0mCOcMaoZlMJtyblUA%3D%3D,LinkedIn
2026-06-13 10:01,Data Analyst,Not Specified,Business Analyst III,"NTT DATA, Europe & LATAM, Branch in USA, Inc.","Washington, District of Columbia",False,,https://www.indeed.com/viewjob?jk=ff189858dd87ee26,Indeed
2026-06-13 10:01,Data Analyst,Not Specified,Management Analyst.,Veterans Benefits Administration,"Washington, District of Columbia",False,,https://www.linkedin.com/jobs/view/management-analyst-at-veterans-benefits-administration-4427955010,LinkedIn
2026-06-13 10:01,Data Analyst,Not Specified,Business Application Analyst – IFS ERP (IFS Generalist),KPG99 INC,"Denver, Colorado",False,,https://www.linkedin.com/jobs/view/business-application-analyst-%E2%80%93-ifs-erp-ifs-generalist-at-kpg99-inc-4428123575,LinkedIn
2026-06-13 10:01,Data Analyst,Not Specified,Technology Business Analyst (Hybrid Schedule),Commonwealth of VA Careers,"Richmond, Virginia",False,,https://www.jobs.virginia.gov/jobs/technology-business-analyst-hybrid-schedule-richmond-virginia-united-states,Virginia Jobs
2026-06-13 10:01,Data Analyst,Not Specified,Business Analyst – Salesforce Cloud & Marketing Cloud,Jobs via Dice,"McLean, Virginia",False,,https://www.linkedin.com/jobs/view/business-analyst-%E2%80%93-salesforce-cloud-marketing-cloud-at-jobs-via-dice-4427210098,LinkedIn
2026-06-13 10:01,Data Analyst,Not Specified,Technical Business Analyst - 12 Month Contract,AND Digital,"New York, New York",False,,https://www.linkedin.com/jobs/view/technical-business-analyst-12-month-contract-at-and-digital-4427934742,LinkedIn
2026-06-13 10:01,Data Analyst,Not Specified,Enterprise Resources Planning Business Analyst,"Oreva Technologies, Inc.","Newtown, Pennsylvania",False,,https://www.linkedin.com/jobs/view/enterprise-resources-planning-business-analyst-at-oreva-technologies-inc-4424892535,LinkedIn
2026-06-13 10:01,Data Analyst,Not Specified,Sr. Business Analyst,Jobs via Dice,"Burnsville, North Carolina",False,,https://www.linkedin.com/jobs/view/sr-business-analyst-at-jobs-via-dice-4426945981?position=16&pageNum=0&refId=3UFQ7G6ZleJQ6G1ovdEjPA%3D%3D&trackingId=MntaGWjKO0fbtDcsfhkeqw%3D%3D,LinkedIn
2026-06-13 10:01,Data Analyst,Not Specified,Business Analyst (USC) (GC)- Hybrid-Any Location in USA,Jobs via Dice,"Texas City, Texas",False,,https://www.linkedin.com/jobs/view/business-analyst-usc-gc-hybrid-any-location-in-usa-at-jobs-via-dice-4427202909,LinkedIn
2026-06-14 10:09,Full Stack Developer,Not Specified,Senior Full-Stack Developer — Hybrid; Columbus,OPERS,"Columbus, Ohio",False,"$99,840 – $120,000",https://www.learn4good.com/jobs/columbus/ohio/software_development/5175481823/e/,Learn4Good
2026-06-14 10:09,Full Stack Developer,Not Specified,Full-Stack Developer Trainee (Internship),Threenitas S.A.,"Jacksonville, Ohio",False,,https://www.snagajob.com/jobs/1066922938,Snagajob
2026-06-14 10:09,Full Stack Developer,Not Specified,Senior Software Engineer - Full Stack,Cello,"Canton, Ohio",False,"$100,000 – $125,000",https://www.learn4good.com/jobs/canton/ohio/software_development/5175728408/e/,Learn4Good
2026-06-14 10:09,Full Stack Developer,Not Specified,Fullstack Developer​/Architect,Global Side GmbH,Ohio,False,"$80,000 – $100,000",https://www.learn4good.com/jobs/ohio/software_development/5175777076/e/,Learn4Good
2026-06-14 10:10,Full Stack Developer,Not Specified,Senior Software Engineer - Full Stack,Cello,"Cincinnati, Ohio",False,"$100,000 – $125,000",https://www.learn4good.com/jobs/cincinnati/ohio/software_development/5175728263/e/,Learn4Good
2026-06-14 10:10,Full Stack Developer,Not Specified,Java Full Stack Developer,Sspearhead Inc,"Cincinnati, Ohio",False,,https://www.iitjobs.com/job/java-full-stack-developer-cincinnati-oh-usa-339807,Iitjobs
2026-06-14 10:10,Full Stack Developer,2+ Years,Founding Full-Stack Engineer — Remote GovTech Platform,Obviant,,True,,https://www.talent.com/view?id=623731690175334469,Talent.com
2026-06-14 10:10,Full Stack Developer,Not Specified,Full Stack Java Developer (Only W2),Saanvi Technologies,"Dearborn Heights, Michigan",False,,https://www.linkedin.com/jobs/view/full-stack-java-developer-only-w2-at-saanvi-technologies-4428367519,LinkedIn
2026-06-14 10:10,Full Stack Developer,Not Specified,[Remote] Full Stack GIS Mobile Developer (Multiple Openings),Mayday.ai GmbH,,True,,https://jobright.ai/jobs/info/6a2d6f93c260bb1b8ae18ce2?visit=full-stack-engineer,Jobright
2026-06-14 10:10,Full Stack Developer,Not Specified,.Net Full Stack Developer - AI/ML Integration,RIIM,"Fort Mill, South Carolina",False,,https://www.linkedin.com/jobs/view/net-full-stack-developer-ai-ml-integration-at-riim-4428356926,LinkedIn
2026-06-14 10:10,Full Stack Developer,Not Specified,AI-first Fullstack Software Engineer (in-person 5x a week),Soraban,,False,,https://www.linkedin.com/jobs/view/ai-first-fullstack-software-engineer-in-person-5x-a-week-at-soraban-4428370720?position=48&pageNum=0&refId=UVz4LV2GD4fethD95IIspQ%3D%3D&trackingId=p2sjZcbyci0waqyEuVqLlg%3D%3D,LinkedIn
2026-06-14 10:10,Full Stack Developer,Not Specified,"Hands-on Director of Engineering / Lead Full Stack Azure Developer, AI solutions, Healthcare, BFSI",Xen.ai,,True,,https://www.indeed.com/viewjob?jk=f629804c99232d7a,Indeed
2026-06-14 10:10,Full Stack Developer,Entry Level,Senior Full Stack Developer - Active TS is a MUST (ONSITE - 100%),Visual Soft Inc,"Huntsville, Alabama",False,,https://www.linkedin.com/jobs/view/senior-full-stack-developer-active-ts-is-a-must-onsite-100%25-at-visual-soft-inc-4425393079,LinkedIn
2026-06-14 10:10,Full Stack Developer,Not Specified,Full-Stack Developer Contract in New York City for Premium Dating Platform,Akadenia,"New York, New York",False,,https://cazvid.com/en/job/full-stack-developer-for-premium-dating-platform-5337eb,CazVid
2026-06-14 10:10,Full Stack Developer,Not Specified,"Senior Full-Stack Engineer, Video & VMS",Flock Safety Group,"Gaithersburg, Maryland",False,"$125,000 – $150,000",https://www.learn4good.com/jobs/gaithersburg/maryland/software_development/5175657655/e/,Learn4Good
2026-06-14 10:10,Full Stack Developer,Not Specified,"Senior Full Stack Developer (Angular/PrimeNG and Devops) - 4 Days Onsite in Columbia, SC",Jobs via Dice,"Cayce, South Carolina",False,,https://www.linkedin.com/jobs/view/senior-full-stack-developer-angular-primeng-and-devops-4-days-onsite-in-columbia-sc-at-jobs-via-dice-4427292543,LinkedIn
2026-06-14 10:10,Full Stack Developer,Not Specified,Full-Stack Engineer at Drafter Inc.,Jack & Jill,"San Francisco, California",False,,https://www.linkedin.com/jobs/view/full-stack-engineer-at-drafter-inc-at-jack-jill-4427298056?refId=0JaM%2BKK2yurM9UlSqGoWVw%3D%3D&trackingId=N2ytXXigITRwJIRYx5Vbjg%3D%3D,LinkedIn
2026-06-14 10:10,Full Stack Developer,Not Specified,Senior Full Stack Engineer at well-funded AI infrastructure startup,Jack & Jill,"New York, New York",False,,https://www.linkedin.com/jobs/view/senior-full-stack-engineer-at-well-funded-ai-infrastructure-startup-at-jack-jill-4427410569,LinkedIn
2026-06-14 10:10,Full Stack Developer,Not Specified,Senior TS​/SCI Full-Stack Engineer,Medium,"College Park, Maryland",False,,https://www.learn4good.com/jobs/college-park/maryland/software_development/5175676049/e/,Learn4Good
2026-06-14 10:10,Full Stack Developer,Not Specified,"Software Engineer, Product ($140k–$250k + Equity) at fast-growing AI edtech startup",Jack & Jill,"San Francisco, California",False,,https://www.linkedin.com/jobs/view/software-engineer-product-%24140k%E2%80%93%24250k-%2B-equity-at-fast-growing-ai-edtech-startup-at-jack-jill-4427298044,LinkedIn
2026-06-14 10:10,Full Stack Developer,Not Specified,Founding Contract Engineer – Full Stack + AI Agent Systems,Upwork,,True,,https://www.upwork.com/freelance-jobs/apply/Founding-Contract-Engineer-Full-Stack-Agent-Systems_~022065811411900335391/,Upwork
2026-06-14 10:10,Software Engineer,Not Specified,Software Developer 3,Oracle,"Grandview Heights, Ohio",False,,https://www.adzuna.com/details/5763142647,Adzuna
2026-06-14 10:10,Software Engineer,Not Specified,Software Engineer IV - UI/UX SME,Core4ce,"Donnelsville, Ohio",False,,https://jobs.womenforhire.com/job/usa/donnelsville-oh/software-engineer-iv-ui-ux-sme-967726/,Women For Hire- Job Board
2026-06-14 10:10,Software Engineer,Not Specified,Senior Software and Systems Test Engineer I,"Honda Dev. and Mfg. of Am.,LLC","Raymond, Ohio",False,,https://careers.honda.com/us/en/job/11196/Senior-Software-and-Systems-Test-Engineer-I,American Honda Motor Company Careers - Honda
2026-06-14 10:10,Software Engineer,Not Specified,Senior Software Engineer - Full Stack,Cello,"Toledo, Ohio",False,"$100,000 – $125,000",https://www.learn4good.com/jobs/toledo/ohio/software_development/5175568625/e/,Learn4Good
2026-06-14 10:10,Software Engineer,Entry Level,Software Engineer IV,Core4ce,"Yellow Springs, Ohio",False,,https://jobs.womenforhire.com/job/usa/yellow-springs-oh/software-engineer-iv-305187/,Women For Hire- Job Board
2026-06-14 10:10,Software Engineer,Not Specified,Senior .NET Software Engineer - Full-time,OpenBet,"New Marshfield, Ohio",False,,https://www.snagajob.com/jobs/1236507449,Snagajob
2026-06-14 10:10,Software Engineer,Not Specified,Software Engineer - Identity & Access Management,McKesson,"Columbus, Ohio",False,,https://www.oriontalent.com/search-jobs/career/11589242/software-engineer-identity-access-management-ohio-oh-columbus,Orion Talent
2026-06-14 10:10,Software Engineer,Not Specified,"Linux Systems Engineer, Fintech",Optasia,"Stewart, Ohio",False,,https://www.snagajob.com/jobs/1186594444,Snagajob
2026-06-14 10:10,Software Engineer,Entry Level,Software Engineer IV,Core4ce,"North Hampton, Ohio",False,,https://jobs.womenforhire.com/job/usa/north-hampton-oh/software-engineer-iv-872584/,Women For Hire- Job Board
2026-06-14 10:10,Software Engineer,Not Specified,Senior Software Engineer - Full Stack,Cello,"Hamilton, Ohio",False,"$100,000 – $125,000",https://www.learn4good.com/jobs/hamilton/ohio/software_development/5175568617/e/,Learn4Good
2026-06-14 10:10,Software Engineer,Not Specified,ERP AI Engineer -  Manager,PwC,"Cincinnati, Ohio",False,,https://www.linkedin.com/jobs/view/erp-ai-engineer-manager-at-pwc-4396354065,LinkedIn
2026-06-14 10:10,Software Engineer,Not Specified,Aircraft Performance Staff Engineer,GE Aerospace,"Cincinnati, Ohio",False,,https://www.linkedin.com/jobs/view/aircraft-performance-staff-engineer-at-ge-aerospace-4387768497,LinkedIn
2026-06-14 10:10,Software Engineer,Not Specified,LIMS Product Director,Element Materials Technology,"Blue Ash, Ohio",False,,https://www.linkedin.com/jobs/view/lims-product-director-at-element-materials-technology-4418422946,LinkedIn
2026-06-14 10:10,Software Engineer,Not Specified,[Part-Time] Software Engineer Staff-Cranberry,Walmart,"Cranberry Township, Pennsylvania",False,$19 – $26,https://walmart.jobcareers.us.com/jobs/part-time-software-engineer-staff-cranberry-a1a6e9.html,US.COM
2026-06-14 10:10,Software Engineer,Not Specified,Software Engineer II - Backend/Platform Agentic AI,Mastercard,"Arlington, Virginia",False,,https://careers.mastercard.com/us/en/job/R-279643/Software-Engineer-II-Backend-Platform-Agentic-AI,Mastercard
2026-06-14 10:10,Software Engineer,Not Specified,Birthday Party & Programmer & Nature Center Host,Maryland-National Capital Park and Planning Commission,"Riverdale Park, Maryland",False,,https://www.linkedin.com/jobs/view/birthday-party-programmer-nature-center-host-at-maryland-national-capital-park-and-planning-commission-4428379544,LinkedIn
2026-06-14 10:10,Software Engineer,Not Specified,Software Engineer (Appian),Serco USA,"Gainesville, Virginia",False,,https://careers.serco-na.com/us/es/job/SUPSUAUS33836EXTERNALESUS/Software-Engineer-Appian,Serco Careers - North America
2026-06-14 10:10,Software Engineer,Not Specified,"Senior Staff Software Engineer, Gov",OpenAI,"Washington, District of Columbia",False,"$207,000 – $385,000",https://www.linkedin.com/jobs/view/senior-staff-software-engineer-gov-at-openai-4417177090,LinkedIn
2026-06-14 10:10,Software Engineer,Not Specified,Senior Software Engineer - Backend/Platform Agentic AI,Mastercard,"Arlington, Virginia",False,,https://careers.mastercard.com/us/en/job/R-279638/Senior-Software-Engineer-Backend-Platform-Agentic-AI,Mastercard
2026-06-14 10:10,Software Engineer,Not Specified,2026 Raytheon Full Time-Software Engineer I - EOIR Advanced Prod Jobs,RTX,"McKinney, Texas",False,"$57,200 – $109,000",https://www.clearancejobs.com/jobs/8974470/2026-raytheon-full-time-software-engineer-i-eoir-advanced-prod,Clearance Jobs
2026-06-14 10:10,Software Engineer,Not Specified,Front-end Software Engineer,Quantum Info Systems Solutions,Michigan,False,,https://www.linkedin.com/jobs/view/front-end-software-engineer-at-quantum-info-systems-solutions-4427293546,LinkedIn
2026-06-14 10:10,Software Engineer,Not Specified,Multidisciplinary Software Engineer - Full-time,SURVICE Engineering,"Churchville, Maryland",False,,https://www.snagajob.com/jobs/1204909883,Snagajob
2026-06-14 10:10,Software Engineer,Not Specified,[Part-Time] Software Engineer Staff-Monroe,Walmart,"Monroe, Louisiana",False,$19 – $26,https://walmart.jobcareers.us.com/jobs/part-time-software-engineer-staff-monroe-a8c6e9.html,US.COM
2026-06-14 10:11,Software Engineer,Not Specified,"Software Engineer, Level 1","Independent Software, Inc.","Gaithersburg, Maryland",False,"$80,000 – $100,000",https://www.learn4good.com/jobs/gaithersburg/maryland/software_development/5175693670/e/,Learn4Good
2026-06-14 10:11,Software Engineer,Not Specified,Software Engineer (Senior),BAE Systems,"Herndon, Virginia",False,,https://jobs.baesystems.com/global/en/job/126058BR/Software-Engineer-Senior,BAE Systems
2026-06-14 10:11,Software Engineer,Not Specified,Software Engineer; SWE,Fidelis Technologies,"Rockville, Maryland",False,"$80,000 – $100,000",https://www.learn4good.com/jobs/rockville/maryland/info_technology/5175684343/e/,Learn4Good
2026-06-14 10:11,Software Engineer,Not Specified,"Senior Software Engineer, Windows/Desktop Applications - Reston, VA, USA",Speechify,"Reston, Virginia",False,"$140,000 – $200,000",https://www.theladders.com/job/senior-software-engineer-windows-desktop-applications-reston-va-usa-speechify-reston-va_87290655?source=similar,Ladders
2026-06-14 10:11,Software Engineer,Not Specified,"Software Engineer, Python, Computer Science",Avid Technology Professionals,"Gaithersburg, Maryland",False,"$80,000 – $100,000",https://www.learn4good.com/jobs/gaithersburg/maryland/software_development/5175765908/e/,Learn4Good
2026-06-14 10:11,Software Engineer,Not Specified,Software Engineer - Full Stack,US AI,"North Bethesda, Maryland",False,,https://jobs.digitalhire.com/job-listing/opening/OEcutQdLfd2J6ztUbi8HI,Digitalhire
2026-06-14 10:11,Software Engineer,Not Specified,Java Cloud Developer,Valiant Technologies LLC,"Laurel, Maryland",False,"$80,000 – $100,000",https://www.learn4good.com/jobs/laurel/maryland/software_development/5176043742/e/,Learn4Good
2026-06-14 10:11,Data Engineer,Not Specified,Sr. Data Engineer for Strategic Data Systems,"Strategic Data Systems, Inc.","Cincinnati, Ohio",False,,https://www.jobs.now/jobs/492296722-sr-data-engineer-for-strategic-data-systems,JOBS.NOW
2026-06-14 10:11,Data Engineer,Not Specified,Senior Software Engineer - Health Data,Oracle,"Columbus, Ohio",False,,https://www.snagajob.com/jobs/1246561908,Snagajob
2026-06-14 10:11,Data Engineer,Not Specified,"Intelligent Manufacturing, Data and AI Engineer, fluent in English",EUROPEAN DYNAMICS,"Jacksonville, Ohio",False,,https://www.snagajob.com/jobs/1066953192,Snagajob
2026-06-14 10:11,Data Engineer,Not Specified,Actuarial Data Analyst,"Core Specialty Insurance Holdings, Inc.","Cincinnati, Ohio",False,,https://www.linkedin.com/jobs/view/actuarial-data-analyst-at-core-specialty-insurance-holdings-inc-4406736072,LinkedIn
2026-06-14 10:11,Data Engineer,Not Specified,Tax Innovation & Delivery Experience - Data Engineering - Senior Associate,PwC,"Washington, District of Columbia",False,,https://www.linkedin.com/jobs/view/tax-innovation-delivery-experience-data-engineering-senior-associate-at-pwc-4427405243,LinkedIn
2026-06-14 10:11,Data Engineer,Not Specified,Systems Data Engineer,CarolinaEast Health System,"Burnsville, North Carolina",False,,https://www.linkedin.com/jobs/view/systems-data-engineer-at-carolinaeast-health-system-4428389085,LinkedIn
2026-06-14 10:11,Data Engineer,Entry Level,Data Engineer-Junior,General Dynamics Information Technology,"Cortlandt Manor, New York",False,"$119,000 – $161,000",https://www.sonicjobs.com/us/jobs/cortlandt/full-time/data-engineer-junior-6a2d558d1f3b40551fd02da4,SonicJobs
2026-06-14 10:11,Data Engineer,Not Specified,Data & Reporting Engineer - Building the Infrastructure Behind Client Reporting,EARNEST Partners,"Atlanta, Georgia",False,,https://www.linkedin.com/jobs/view/data-reporting-engineer-building-the-infrastructure-behind-client-reporting-at-earnest-partners-4427404025,LinkedIn
2026-06-14 10:11,Data Engineer,Not Specified,Staff Data Engineer,CVS Health,"Mountain Home, Idaho",False,,https://salutemyjob.com/jobs/staff-data-engineer-mountain-home-idaho/2817509191-2/,SaluteMyJob
2026-06-14 10:11,Data Engineer,Not Specified,Data Engineer-Washington DC - Full-time,Serco,"Ridgecrest, California",False,,https://www.snagajob.com/jobs/1259125779,Snagajob
2026-06-14 10:11,Data Engineer,Not Specified,Sr. Data Analytics Engineer,"Under Armour, Inc.","Myrtle Point, Oregon",False,"$125,000 – $165,000","https://www.ziprecruiter.com/c/Under-Armour/Job/Sr.-Data-Analytics-Engineer/-in-Myrtle-Point,OR?jid=81fa69ddff2e78c7",ZipRecruiter
2026-06-14 10:11,Data Engineer,Not Specified,Sr. Data Engineer/ Scientist Jobs,Scientific Research Corporation,"Huntsville, Alabama",False,,https://www.clearancejobs.com/jobs/8974815/sr-data-engineer-scientist,Clearance Jobs
2026-06-14 10:11,Data Engineer,Not Specified,Principal Data Architect,The MITRE Corporation,"McLean, Virginia",False,,https://careers.mitre.org/us/en/job/R116768/Principal-Data-Architect,MITRE Jobs
2026-06-14 10:11,Data Engineer,Not Specified,AI Eval / Testing (Eval Engineer),NTT DATA North America,"Dallas, Texas",False,,https://www.linkedin.com/jobs/view/ai-eval-testing-eval-engineer-at-ntt-data-north-america-4428381482,LinkedIn
2026-06-14 10:11,Data Engineer,Not Specified,Oracle DB & PL​/SQL Developer ETL & AWS,Jobs via Dice,"Owensboro, Kentucky",False,"$100,000 – $125,000",https://www.learn4good.com/jobs/owensboro/kentucky/software_development/5175637004/e/,Learn4Good
2026-06-14 10:11,Data Engineer,Not Specified,"Senior SQL Developer: MS SQL, SSIS​/SSRS, ETL & Reports","TWO95 International, Inc","Clifton, New Jersey",False,"$80,000 – $100,000",https://www.learn4good.com/jobs/clifton/new-jersey/info_technology/5175581004/e/,Learn4Good
2026-06-14 10:11,Data Engineer,Not Specified,Senior Data Engineer,Cyient,"East Hartford, Connecticut",False,,https://www.linkedin.com/jobs/view/senior-data-engineer-at-cyient-4410196038,LinkedIn
2026-06-14 10:11,Data Engineer,Not Specified,Data Engineer-EN,CAE,"Arlington, Texas",False,,https://www.linkedin.com/jobs/view/data-engineer-en-at-cae-4405554865,LinkedIn
2026-06-14 10:11,Data Engineer,Not Specified,"ETL Developer at Fluxtek Solutions Inc Dublin, CA",Fluxtek Solutions Inc,"Dublin, California",False,,https://regalaunacancion.com.ar/jobs/job/etl-developer-at-fluxtek-solutions-inc-dublin-ca-RkZRdkFOVXZ2dTBsazVkR0ZyWko3OXA1a0E9PQ==,Regalaunacancion.com.ar
2026-06-14 10:11,Data Engineer,Not Specified,[Remote] Informatica Developer (W2 contract only/ No 3rd Parties)),vmysmartpros,,True,,https://www.mysmartpros.com/tuition/job/remote-informatica-developer-w2-contract-only-no-3rd-parties/,MySmartPros
2026-06-14 10:11,Data Engineer,Not Specified,ETL Developer with Public Trust (SSIS SQL server) US Citizenship Required,vmysmartpros,,True,,https://www.mysmartpros.com/tuition/job/etl-developer-with-public-trust-ssis-sql-server-us-citizenship-required/,MySmartPros
2026-06-14 10:11,Data Engineer,Not Specified,Talend / ETL Data Integration Developer II – Remote,vmysmartpros,,True,,https://www.mysmartpros.com/tuition/job/talend-etl-data-integration-developer-ii-remote/,MySmartPros
2026-06-14 10:11,Data Engineer,Not Specified,SSIS ETL Data Engineer | Rico Industries | $30k-$60k | Remote (Worldwide),vmysmartpros,,True,,https://www.mysmartpros.com/tuition/job/ssis-etl-data-engineer-rico-industries-30k-60k-remote-worldwide/,MySmartPros
2026-06-14 10:11,Data Analyst,Not Specified,Consumer Insights Analyst,Earn Haus,"Broadway, Ohio",False,,https://www.talent.com/view?id=623766121712331511,Talent.com
2026-06-14 10:11,Data Analyst,Not Specified,Manufacturing Engineering Analyst - Now Hiring,Whirlpool,"Findlay, Ohio",False,,https://www.snagajob.com/jobs/1267369457,Snagajob
2026-06-14 10:11,Data Analyst,Not Specified,Consumer Insights Analyst,Earn Haus,"Farmersville, Ohio",False,,https://www.talent.com/view?id=623858719676507022,Talent.com
2026-06-14 10:11,Data Analyst,Not Specified,Project Analyst,U.S. Bank,"Grandview Heights, Ohio",False,,https://www.adzuna.com/details/5763145860,Adzuna
2026-06-14 10:11,Data Analyst,Not Specified,IT Budget Analyst,VirtualVocations,"Cleveland, Ohio",False,,https://www.talent.com/view?id=611243540680023250,Talent.com
2026-06-14 10:11,Data Analyst,Not Specified,"Senior Commercial Analyst, Order to Cash; O2C","Clearsulting, LLC","Cleveland, Ohio",False,"$84,000 – $110,000",https://www.learn4good.com/jobs/cleveland/ohio/business/5175491716/e/,Learn4Good
2026-06-14 10:11,Data Analyst,Not Specified,Investment Data Analyst II,Western & Southern Financial Group,"Cincinnati, Ohio",False,,https://www.indeed.com/viewjob?jk=7266a70f5a9e8be4,Indeed
2026-06-14 10:12,Data Analyst,Not Specified,Data Operations Analyst,BRG,"Washington, District of Columbia",False,,https://www.linkedin.com/jobs/view/data-operations-analyst-at-brg-4397658501,LinkedIn
2026-06-14 10:12,Data Analyst,Not Specified,Data Analyst,American Electric Power,"New Albany, Ohio",False,,https://www.linkedin.com/jobs/view/data-analyst-at-american-electric-power-4425707203,LinkedIn
2026-06-14 10:12,Data Analyst,Not Specified,"Urgent Need : Data Analyst : Alpharetta, GA - Onsite : 6+ Months","Navtech, Inc.","Jesup, Georgia",False,,"https://www.ziprecruiter.com/c/Navtech/Job/Urgent-Need-:-Data-Analyst-:-Alpharetta,-GA-Onsite-:-6+-Months/-in-Jesup,GA?jid=f832fb6aaf8bb4c2",ZipRecruiter
2026-06-14 10:12,Data Analyst,Not Specified,AFSIM M&S Analyst,Systems Planning & Analysis,"Arlington, Virginia",False,,https://www.linkedin.com/jobs/view/afsim-m-s-analyst-at-systems-planning-analysis-4387467075,LinkedIn
2026-06-14 10:12,Data Analyst,Not Specified,"Clinical Data Analyst, Home Health, Limited Term",Sutter Health,,True,,https://jobs.sutterhealth.org/us/en/job/R-132769/Clinical-Data-Analyst-Home-Health-Limited-Term,Sutter Health
2026-06-14 10:12,Data Analyst,Entry Level,"Remote Data Analyst – Scheduling, KPIs & Reports",Recruit Monitor,,True,,https://www.talent.com/view?id=623725226984081824,Talent.com
2026-06-14 10:12,Data Analyst,Not Specified,Data Analyst - Warranty Systems & Billing,Jobs via Dice,"Fountain Valley, California",False,,https://www.linkedin.com/jobs/view/data-analyst-warranty-systems-billing-at-jobs-via-dice-4427299024,LinkedIn
2026-06-14 10:12,Data Analyst,Not Specified,Remote Statistical Data Analyst; Part-Time,Programa Nacional para la Reducción de Pérdidas,,True,"$150,000 – $200,000",https://www.learn4good.com/jobs/online_remote/research_and_development/5176011789/e/,Learn4Good
2026-06-14 10:12,Data Analyst,Not Specified,Wealth Strategies and Solutions Data Analyst,Royal Bank of Canada,"Minneapolis, Minnesota",False,,https://jobs.rbc.com/ca/en/job/RBCAA0088R0000175086EXTERNALENCA/Wealth-Strategies-and-Solutions-Data-Analyst,RBC Careers
2026-06-14 10:12,Data Analyst,Entry Level,Data Analyst - Entry Level (Remote),Jobsultant Solutions,"Boston, Massachusetts",False,,https://jobs.digitalhire.com/job-listing/opening/7AsevZrhRo2GIvcqJiVBqN,Digitalhire
2026-06-14 10:12,Data Analyst,Not Specified,Project Program Mgmt. Senior Specialist,"NTTD Ser Fed Govt, Inc.",Maryland,False,,https://careers.services.global.ntt/es/es/job/375978/Business-Analyst-Product-Owner,NTT DATA Careers
2026-06-14 10:12,Data Analyst,Not Specified,Business Analyst Pharmacy & Retail Operations,Walgreens,Illinois,False,"$63,100 – $101,000",https://www.linkedin.com/jobs/view/business-analyst-pharmacy-retail-operations-at-walgreens-4428373069,LinkedIn
2026-06-14 10:12,Data Analyst,Not Specified,Technical Business Analyst (Health),Guidehouse,"McLean, Virginia",False,,https://www.linkedin.com/jobs/view/technical-business-analyst-health-at-guidehouse-4418169164,LinkedIn
2026-06-14 10:12,Data Analyst,Not Specified,"Business Manager - XP Analytics, CX and Navigation",Capital One,"Richmond, Virginia",False,,https://www.linkedin.com/jobs/view/business-manager-xp-analytics-cx-and-navigation-at-capital-one-4428342964,LinkedIn
2026-06-14 10:12,Data Analyst,Not Specified,Consumer Insights Analyst,Earn Haus,"Harwood, Maryland",False,,https://www.talent.com/view?id=623858776381727630,Talent.com
2026-06-14 10:12,Data Analyst,Not Specified,Proposal Analyst – Level 2,Northrop Grumman,Maryland,False,,https://www.linkedin.com/jobs/view/proposal-analyst-%E2%80%93-level-2-at-northrop-grumman-4428368814,LinkedIn
2026-06-14 10:12,Data Analyst,Not Specified,Business Analyst (Finance & SAP),Sunshine Enterprise USA LLC,"Columbia, South Carolina",False,,https://www.indeed.com/viewjob?jk=c34f429f36b66554,Indeed
2026-06-14 10:12,Data Analyst,Not Specified,"Senior Technical Business Analyst job at T. Rowe Price in Owings Mills, MD",careersprint,,True,,https://careersprint.7f.liveblog365.com/job/2493018/,CareerSprint
2026-06-14 10:12,Data Analyst,Not Specified,"Remote Business Analyst: Data, Process & ROI Insights",adm Indicia,,True,"$60,000 – $80,000",https://www.learn4good.com/jobs/online_remote/info_technology/5175520621/e/,Learn4Good
2026-06-14 10:12,Data Analyst,Not Specified,Business Analyst,Altera Digital Health,"East Meadow, New York",False,,https://www.linkedin.com/jobs/view/business-analyst-at-altera-digital-health-4427055998,LinkedIn
